ア,アリ
ア,アンパンマン
ア,アイス
ア,アリアケ
ア,アマゾン
ア,アイカタ
ア,アクマ
ア,アサ
ア,アト
ア,アイ
ア,アニメ
ア,アン
ア,アップル
ア,アカイロ
ア,アンポ
ア,アプリ
ア,アカシンゴウ
ア,アメ
ア,アナ
ア,アラシ
ア,アシ
ア,アカ
ア,アリカタ
ア,アンケン
ア,アイノリ
ア,アラソイ
ア,アレッポ
ア,アクム
ア,アイテ
ア,アメフト
ア,アルビレックス
イ,イクラ
イ,イス
イ,イシキ
イ,イオン
イ,イジメ
イ,イタイ
イ,インフル
イ,イギ
イ,イノチ
イ,イッテ
イ,イノチガケ
イ,イン
イ,イロ
イ,イギョウ
イ,イドバタ
イ,イイン
イ,イゾク
イ,イヌ
イ,イリョウ
イ,イエ
イ,イッキュウ
イ,イガク
イ,イシ
イ,イデンシ
イ,イセキ
イ,イサン
イ,インフルエンザ
イ,イチヤ
イ,イシン
イ,イッパン
イ,イキゴミ
ウ,ウミ
ウ,ウサギ
ウ,ウクライナ
ウ,ウシロ
ウ,ウチュウ
ウ,ウォッチドッグス
ウ,ウンチン
ウ,ウツビョウ
ウ,ウム
ウ,ウソ
ウ,ウヨク
ウ,ウワギ
ウ,ウケトリ
ウ,ウタガイ
ウ,ウェイ
ウ,ウミガメ
ウ,ウチイリ
ウ,ウイルス
ウ,ウゴキ
ウ,ウケイレ
ウ,ウリアゲ
ウ,ウッタエ
ウ,ウワン
ウ,ウラ
エ,エンピツ
エ,エール
エ,エマキ
エ,エンジン
エ,エイガ
エ,エミ
エ,エ
エ,エイガドットコム
エ,エン
エ,エンガン
エ,エングミ
エ,エンブ
エ,エイセイ
エ,エモジ
エ,エフエイ
オ,オリンピック
オ,オリ
オ,オリガミ
オ,オデン
オ,オトコ
オ,オンライン
オ,オボエガキ
オ,オモイ
オ,オキ
オ,オバマ
オ,オスプレイ
オ,オウシツ
オ,オモテナシ
オ,オヤコ
オ,オワライ
オ,オヤ
オ,オット
オ,オオスジ
オ,オムカエ
オ,オモイコミ
オ,オオタカ
オ,オオヅメ
オ,オモワク
オ,オワリネ
オ,オオテ
オ,オンシツ
オ,オオガタ
オ,オモミ
オ,オオヤ
オ,オウザ
オ,オクレ
オ,オオズモウ
オ,オオトリ
オ,オウジャ
カ,カミサマ
カ,カミナリ
カ,カズノコ
カ,カントク
カ,カイグン
カ,カイチョウ
カ,カイシャ
カ,カンジ
カ,カツ
カ,カジノ
カ,カゼ
カ,カヨウ
カ,カイカン
カ,カイジョウ
カ,カガク
カ,カタガワ
カ,カンブ
カ,カブシキ
カ,カブ
カ,カプセル
カ,カイガイ
カ,カイソク
カ,カクエキ
カ,カザン
カ,カワ
カ,カサイ
カ,カイテイ
カ,カンテイ
カ,カンガエ
カ,カクセイザイ
カ,カイガ
カ,カウントダウン
カ,カオミシリ
カ,カッシャ
カ,カラテ
カ,カネ
カ,カテイ
カ,カカク
カ,カドマツ
カ,カンキョウ
カ,カクチ
カ,カイダン
カ,カクシャ
カ,カンシン
カ,カク
カ,カンジャ
カ,カイトリ
カ,カンイ
カ,カイ
カ,カンボウ
カ,カイキ
カ,カンセン
カ,カッコク
カ,カクトウ
カ,カチョウ
カ,カブカ
カ,カチ
カ,カンゼイ
カ,カワセ
カ,カブヌシ
カ,カダイ
カ,カルテル
カ,カオ
カ,カタメ
カ,カクリョウ
カ,カガイ
カ,カイヘイ
カ,カゲキ
カ,カミ
カ,カップ
ガ,ガレージ
ガ,ガンジツ
ガ,ガイコク
ガ,ガン
ガ,ガイタメ
ガ,ガラガラヘビ
ガ,ガイコウ
ガ,ガチャガチャ
ガ,ガイセン
ガ,ガイショウ
ガ,ガクネン
ガ,ガッコウ
ガ,ガクセイ
ガ,ガイライ
ガ,ガソリン
ガ,ガクジュツ
ガ,ガイム
キ,キール
キ,キンコ
キ,キアイ
キ,キョウリュウ
キ,キジ
キ,キャク
キ,キンユウ
キ,キゲキ
キ,キャラ
キ,キチ
キ,キョギ
キ,キキン
キ,キュン
キ,キリン
キ,キョウシ
キ,キャスト
キ,キタイ
キ,キコウ
キ,キョウイ
キ,キボ
キ,キンカイ
キ,キギョウ
キ,キズ
キ,キカン
キ,キン
キ,キブツ
キ,キ
キ,キュウキュウ
キ,キップ
キ,キョリ
キ,キャンパス
キ,キョウカイ
キ,キホン
キ,キホン
キ,キョテン
キ,キキ
キ,キソ
キ,キュウエン
キ,キザミ
キ,キンリ
キ,キカイ
キ,キワミ
キ,キョクチョウ
キ,キリストキョウト
キ,キンダイ
キ,キョウ
キ,キンコウ
キ,キンセン
キ,キュウダン
キ,キコウシキ
ギ,ギリシャ
ギ,ギリ
ギ,ギョウシャ
ギ,ギンコウ
ギ,ギイン
ギ,ギョウセキ
ギ,ギン
ギ,ギジュツ
ギ,ギョウム
ギ,ギョセン
ギ,ギム
ギ,ギュウニュウ
ギ,ギセイ
ギ,ギシ
ギ,ギノウ
ギ,ギチョウ
ギ,ギカイ
ギ,ギアン
ギ,ギョウセイ
ク,クリ
ク,クルシミ
ク,クラブ
ク,クダリ
ク,クゲン
ク,クルマ
ク,クラス
ク,クウコウ
ク,クイキ
ク,クウチュウ
ク,クニ
ク,クウドウ
ク,クルマイス
グ,グミ
グ,グンヨウ
グ,グタイ
グ,グンジ
グ,グランプリ
グ,グランド
ケ,ケイサツ
ケ,ケイダイ
ケ,ケンケイ
ケ,ケイザイ
ケ,ケッサク
ケ,ケンミン
ケ,ケッショウ
ケ,ケガニン
ケ,ケンポウ
ケ,ケツエキ
ケ,ケイヒ
ケ,ケン
ケ,ケンスウ
ケ,ケイサツカン
ケ,ケンチジ
ケ,ケア
ケ,ケジメ
ケ,ケガ
ケ,ケイジドウシャ
ケ,ケイ
ケ,ケンカイ
ケ,ケンキュウジョ
ケ,ケンギカイ
ケ,ケンレン
ケ,ケイコウ
ケ,ケイキ
ケ,ケイジ
ケ,ケンゲン
ゲ,ゲーム
ゲ,ゲンショク
ゲ,ゲンダイ
ゲ,ゲンパツ
ゲ,ゲイニン
ゲ,ゲキシン
ゲ,ゲンイン
ゲ,ゲキ
ゲ,ゲンバ
ゲ,ゲンシリョク
ゲ,ゲツメン
ゲ,ゲンシ
ゲ,ゲノム
ゲ,ゲンユ
コ,コウシ
コ,コウドウ
コ,コハク
コ,コウジョウセン
コ,コドモ
コ,コウソツ
コ,コナ
コ,コクミン
コ,コウソク
コ,コクサイ
コ,コウクウキ
コ,コスト
コ,コウレイ
コ,コウツウ
コ,コイン
コ,ココロ
コ,コオリ
コ,コクナイ
コ,コメ
コ,コクエイ
コ,コウタイシ
コ,コウコウセイ
コ,コジン
コ,コウキョ
コ,コクリツ
コ,コガタ
コ,コクヒ
コ,コンビニ
コ,コウチョウ
コ,コエ
コ,コウコウ
コ,コウジョウ
コ,コンビ
コ,コウゴウ
コ,コウラ
コ,コンダテ
コ,コクホウ
コ,コトハジメ
コ,コウゲン
コ,コフン
コ,コトバ
コ,コッカ
コ,コッカイ
コ,コウザ
コ,コウボウ
コ,コウセイ
コ,コウリツ
コ,コイケ
コ,コウモク
コ,コガタシャ
コ,コガイシャ
コ,コウ
コ,コウカン
コ,コクム
コ,コクジン
コ,コンセキ
コ,コクド
コ,コウホ
ゴ,ゴール
ゴ,ゴリン
ゴ,ゴルフ
ゴ,ゴウ
ゴ,ゴウカ
ゴ,ゴウウ
ゴ,ゴウケン
サ,サンタクロース
サ,サイシン
サ,サンパイ
サ,サイバン
サ,サイタ
サ,サツジン
サ,サカナ
サ,サイダイ
サ,サイガイ
サ,サイシュウ
サ,サイコウ
サ,サクヒン
サ,サイバンカン
サ,サンチョウ
サ,サイ
サ,サケ
サ,サイナンタン
サ,サンプル
サ,サイダイゲン
サ,サウジ
サ,サイソク
サ,サキモノ
サ,サクセン
サ,サイバンショ
サ,サイゴ
サ,サックス
サ,サイチョウ
サ,サイユウシュウ
サ,サンウルブズ
ザ,ザリガニ
ザ,ザイム
ザ,ザイゲン
ザ,ザイリョウ
ザ,ザンダカ
シ,シズク
シ,シンセツ
シ,シゴト
シ,シンギュラリティ
シ,シュショウ
シ,ショクリョウ
シ,シッポ
シ,シショウ
シ,ショウネン
シ,シケイ
シ,ショウヨ
シ,シャシン
シ,ショウジョウ
シ,シンブン
シ,シナウス
シ,シ
シ,ショルイ
シ,ショウガイ
シ,シンタイ
シ,シュノウ
シ,シンエイ
シ,シハライ
シ,シセツ
シ,ショウジョ
シ,シジョウ
シ,シンガタ
シ,シントウ
シ,シンポウ
シ,ショウセツ
シ,シネマトゥデイ
シ,シンゾウ
シ,シュイ
シ,ショウキン
シ,シゲン
シ,ショウテン
シ,シラベ
シ,ショウボウ
シ,ショクイン
シ,シチョウ
シ,シシャ
シ,シャチョウ
シ,シギカイ
シ,ショクヒン
シ,シャイン
シ,シンカンセン
シ,シンポジウム
シ,シカク
シ,シェアリング
シ,シャカイ
シ,シュウヘン
シ,シシンアン
シ,シキュウ
シ,シュウダン
シ,シソン
シ,シュッシン
シ,ショクバ
シ,ショウガクセイ
シ,ショウケン
シ,システム
シ,ショウガク
シ,シホウ
シ,シキテン
シ,シュルイ
シ,シュト
シ,シュモク
シ,シンサイ
シ,シンユウ
シ,ショウチュウガッコウ
シ,シバイセキ
シ,シャシュ
シ,シンシュ
シ,シャイ
シ,シュウエキ
シ,シセイ
シ,シュウシフ
シ,シュセキ
シ,ショウシャ
シ,シキン
シ,ショウギョウ
シ,シボリコミ
シ,シテン
シ,ショウヒン
シ,ショニン
シ,シスウ
シ,ショキ
シ,シュケン
シ,シミン
シ,ショトウ
シ,シンシャ
シ,シタジキ
シ,シタ
シ,シンジン
シ,シンジン
シ,シングル
シ,シロ
シ,シオ
ジ,ジライ
ジ,ジブン
ジ,ジケン
ジ,ジコ
ジ,ジュウトウ
ジ,ジョウケン
ジ,ジョシダイ
ジ,ジッケイ
ジ,ジョシ
ジ,ジンコウ
ジ,ジモト
ジ,ジンギ
ジ,ジュンケッショウ
ジ,ジュウミン
ジ,ジュウショウ
ジ,ジシン
ジ,ジンジ
ジ,ジュウタク
ジ,ジョセイ
ジ,ジギョウ
ジ,ジタク
ジ,ジョウホウ
ジ,ジョジ
ジ,ジョウキャク
ジ,ジョウレイ
ジ,ジシュ
ジ,ジョウヨウシャ
ジ,ジジョウ
ジ,ジンジャ
ジ,ジチタイ
ジ,ジョウタイ
ジ,ジドウ
ジ,ジョウゲン
ジ,ジンブツ
ジ,ジセダイ
ジ,ジュウドウ
ジ,ジョウヤク
ジ,ジュク
ジ,ジカン
ジ,ジンザイ
ジ,ジレイ
ジ,ジコウ
ジ,ジタイ
ジ,ジツム
ジ,ジンミンゲ
ジ,ジッシツ
ジ,ジキ
ジ,ジム
ジ,ジンケン
ジ,ジンドウ
ジ,ジツリョク
ス,スイカ
ス,スマホ
ス,スキ
ス,スイソ
ス,スイドウ
ス,スイジョウ
ス,スイイキ
ス,スソノ
ス,スス
ス,スイジュン
ス,スマイ
ス,スイチョク
ス,スウジ
ス,スカ
ス,ステルス
ス,スイロ
ズ,ズッキーニ
ズ,ズレコミ
セ,セイカツ
セ,セカイ
セ,セイフ
セ,セイキ
セ,セダイ
セ,セナカ
セ,セレブ
セ,センカン
セ,センシュケン
セ,セイケン
セ,センリャク
セ,セイシュン
セ,セイシュン
セ,セイユウ
セ,セキユ
セ,セキニン
セ,セッテン
セ,セイド
セ,セタイ
セ,セイト
セ,センナイ
セ,センパク
セ,セイサク
セ,セイシャイン
セ,セイカ
セ,セイム
セ,セイム
セ,センロ
セ,セロン
セ,セキゾウ
セ,セキ
セ,セイトウ
セ,セイジ
セ,センモン
セ,セイメイ
セ,セイリョク
セ,セキタン
セ,センバツ
セ,センシュ
セ,セト
ゼ,ゼイムショ
ゼ,ゼンニホン
ゼ,ゼンセン
ゼ,ゼイ
ゼ,ゼンコク
ゼ,ゼンリン
ゼ,ゼンコウ
ゼ,ゼンソク
ゼ,ゼイシュウ
ゼ,ゼンゲツ
ゼ,ゼンカイ
ゼ,ゼンイキ
ソ,ソリ
ソ,ソウサイ
ソ,ソウガク
ソ,ソウキ
ソ,ソラ
ソ,ソメ
ソ,ソウム
ソ,ソウコウ
ソ,ソウバ
ソ,ソウカイ
ソ,ソウホウ
ソ,ソウチョウ
ソ,ソフト
ゾ,ゾンビ
タ,タンボ
タ,タイケイ
タ,タイサ
タ,タテ
タ,タテヤクシャ
タ,タカネ
タ,タイシ
タ,タノシミ
タ,タッグ
タ,タバコ
タ,タイクウ
タ,タイセイ
タ,タタカイ
タ,タイカイ
タ,タイキ
タ,タイプ
タ,タイマ
タ,タマツキ
タ,タイシャ
タ,タテカエ
タ,タツマキ
タ,タグイ
タ,タイショウ
タ,タンキ
タ,タイイン
タ,タコ
タ,タイヨウコウ
タ,タシャ
ダ,ダンボール
ダ,ダンセイ
ダ,ダイスウ
ダ,ダイトウリョウ
ダ,ダイガクセイ
ダ,ダゲキ
ダ,ダンシ
ダ,ダシャ
ダ,ダル
ダ,ダイジン
ダ,ダンタイ
ダ,ダイシンサイ
ダ,ダイガク
ダ,ダイサンシャ
ダ,ダクト
ダ,ダウ
ダ,ダンドウ
ダ,ダンジョ
ダ,ダイカイテン
ダ,ダルビッシュ
チ,チーズ
チ,チコク
チ,チジ
チ,チュウオウ
チ,チサイ
チ,チェイス
チ,チャプマン
チ,チャンネル
チ,チンギン
チ,チュウカン
チ,チュウシン
チ,チイキ
チ,チホウ
チ,チョウエキ
チ,チュウガク
チ,チチオヤ
チ,チュウガクセイ
チ,チュウショウ
チ,チカ
チ,チジン
チ,チョウショ
チ,チュウコウセイ
チ,チョクゼン
チ,チョウシ
チ,チ
チ,チキュウ
チ,チク
チ,チョウカン
チ,チョウキ
チ,チュウベイ
チ,チャンス
チ,チョウバ
ツ,ツミキ
ツ,ツキ
ツ,ツナミ
ツ,ツマ
ツ,ツカ
ツ,ツメ
ツ,ツウカ
ツ,ツウハン
テ,テコ
テ,テグチ
テ,テンゴク
テ,テンノウヘイカ
テ,テロ
テ,テレビ
テ,テンノウ
テ,テアシ
テ,テンキ
テ,テラ
テ,テンシュ
テ,テツドウ
テ,テイキ
テ,テジュン
テ,テン
テ,テガミ
テ,テンポ
デ,デンワ
デ,デンゲキ
デ,デバン
デ,デンシャ
デ,デンテツ
デ,デキゴト
デ,ディスプレイ
デ,デンチ
デ,デンリョク
ト,トリデ
ト,トング
ト,トラック
ト,トウキ
ト,トウドリ
ト,トップ
ト,トリ
ト,トラブル
ト,トシアケ
ト,トウミン
ト,トシオトコ
ト,トイレ
ト,トギカイ
ト,トチジ
ト,トマドイ
ト,トリヤメ
ト,トエイ
ト,トリマトメ
ト,トナイ
ト,トリシラベ
ト,トシコシ
ト,トリケシ
ト,トッキュウ
ト,トラ
ト,トショ
ト,トクサン
ト,トレンド
ト,トランプ
ト,トキ
ト,ト
ト,トギ
ト,トウ
ト,トシ
ト,トック
ト,トウシン
ト,トリツケ
ト,トンネル
ト,トウシュ
ト,トク
ト,トリツ
ド,ドーム
ド,ドンブリ
ド,ドウガ
ド,ドロ
ド,ドライアイ
ド,ドル
ド,ドア
ド,ドウキュウセイ
ド,ドウロ
ド,ドウジ
ド,ドウブツ
ド,ドゥテルテ
ド,ドウリョク
ド,ドラフト
ナ,ナシ
ナ,ナショナル
ナ,ナイガシロ
ナ,ナンビョウ
ナ,ナダレ
ナ,ナヤミ
ナ,ナ
ナ,ナマエ
ナ,ナイカク
ナ,ナイセン
ナ,ナンブ
ナ,ナイム
ナ,ナンミン
ニ,ニンニク
ニ,ニュウジ
ニ,ニモツ
ニ,ニンキ
ニ,ニッカン
ニ,ニワ
ニ,ニンイ
ニ,ニンム
ニ,ニナイテ
ニ,ニホンライチョウ
ニ,ニッポンショク
ニ,ニッテイ
ニ,ニチギンタンカン
ニ,ニッケイ
ニ,ニン
ニ,ニシ
ヌ,ヌリエ
ネ,ネコ
ネ,ネンポウ
ネ,ネンリツ
ネ,ネンマツネンシ
ネ,ネンキン
ネ,ネンガジョウ
ネ,ネット
ネ,ネンガ
ネ,ネンリョウ
ネ,ネンナイ
ネ,ネウゴキ
ネ,ネントウ
ネ,ネンカン
ノ,ノリ
ノ,ノ
ノ,ノリクミ
ノ,ノボリ
ノ,ノウリン
ノ,ノウギョウ
ノ,ノビ
ハ,ハンコ
ハ,ハハ
ハ,ハサミ
ハ,ハンセイ
ハ,ハツ
ハ,ハリポタ
ハ,ハイテク
ハ,ハツノリ
ハ,ハグ
ハ,ハイネ
ハ,ハイシャ
ハ,ハカマイリ
ハ,ハハオヤ
ハ,ハガキ
ハ,ハバ
ハ,ハルカス
ハ,ハチス
ハ,ハイアン
ハ,ハン
ハ,ハクジン
ハ,ハンザイ
ハ,ハンコウ
ハ,ハンスウ
バ,ババヌキ
バ,バブル
バ,バイオ
バ,バス
バ,バクダン
バ,バランス
バ,バンパク
バ,バンサン
バ,ババ
バ,バドミントン
パ,パパイヤ
パ,パパ
パ,パイロット
パ,パラリンピック
パ,パンダ
パ,パラレル
ヒ,ヒール
ヒ,ヒ
ヒ,ヒガシ
ヒ,ヒガイ
ヒ,ヒコク
ヒ,ヒト
ヒ,ヒアリング
ヒ,ヒッタクリ
ヒ,ヒマワリ
ヒ,ヒヨウ
ヒ,ヒンシツ
ヒ,ヒキアゲ
ヒ,ヒトデ
ヒ,ヒキワタシ
ヒ,ヒトツ
ビ,ビスケット
ビ,ビジネス
ビ,ビン
ビ,ビヨウ
ビ,ビョウイン
ビ,ビジュツ
ビ,ビザ
ビ,ビル
ビ,ビジュツカン
ビ,ビデオ
ピ,ピエロ
フ,フルート
フ,フビ
フ,フドウサン
フ,フマン
フ,フルサト
フ,フユ
フ,フシン
フ,フウゾク
フ,フシンビ
フ,フジン
フ,フウフ
フ,フク
フ,フクギョウ
フ,フクシ
フ,フクロ
フ,フウブツシ
フ,フネ
フ,フブキ
フ,フグ
フ,フケン
フ,フロン
フ,フェイス
フ,フシンニン
フ,フクスウ
フ,フシメ
フ,フイッチ
フ,フタゴ
フ,フショウジ
フ,フィギュア
ブ,ブカツ
ブ,ブンガク
ブ,ブンカ
ブ,ブログ
ブ,ブ
ブ,ブッタイ
ブ,ブン
ブ,ブック
ブ,ブタイ
ブ,ブンヤ
ブ,ブッカ
ブ,ブツギ
ブ,ブラインド
ブ,ブブン
プ,プール
プ,プラス
プ,プロ
プ,プラダ
プ,プラン
ヘ,ヘビ
ヘ,ヘイキ
ヘ,ヘリ
ヘ,ヘイシ
ヘ,ヘヤ
ヘ,ヘダタリ
ベ,ベンキョウ
ベ,ベツメイ
ペ,ページ
ペ,ペア
ホ,ホウドウ
ホ,ホウアン
ホ,ホッポウ
ホ,ホクブ
ホ,ホノカ
ホ,ホウ
ホ,ホ
ホ,ホウホウ
ホ,ホウジン
ホ,ホンカク
ホ,ホントウ
ホ,ホケン
ホ,ホウシン
ホ,ホウモツ
ホ,ホンブ
ホ,ホウショウ
ホ,ホウリツ
ホ,ホウギン
ホ,ホウフ
ボ,ボール
ボ,ボウリョクダン
ボ,ボクシング
ポ,ポイント
ポ,ポスト
マ,マムシ
マ,マゴ
マ,マンザイ
マ,マンメン
マ,マイ
マ,マドン
マ,マッチ
マ,マ
マ,マツリ
マ,マンション
マ,マトメ
マ,マチ
マ,マラソン
マ,マンガ
マ,マヤク
マ,マン
ミ,ミント
ミ,ミズ
ミ,ミチ
ミ,ミオクリ
ミ,ミリョク
ミ,ミカン
ミ,ミアワセ
ミ,ミミ
ミ,ミナオシ
ミ,ミスイ
ミ,ミガワリ
ミ,ミンカン
ミ,ミ
ミ,ミナミ
ミ,ミンセイ
ミ,ミン
ミ,ミコミ
ミ,ミトオシ
ミ,ミキワメ
ミ,ミサイル
ミ,ミンシュ
ミ,ミニマム
ミ,ミラン
ム,ムシ
ム,ムスメ
ム,ムジン
ム,ムネ
ム,ムキ
ム,ムザイ
ム,ムショウ
ム,ムショゾク
メ,メイロ
メ,メイブツ
メ,メンシキ
メ,メイニチ
メ,メイボ
メ,メド
メ,メス
メ,メダル
メ,メカニズム
メ,メダリスト
メ,メリット
メ,メディア
モ,モヨウ
モ,モデル
モ,モトシチョウ
モ,モウシイレ
モ,モリツチ
モ,モウドク
モ,モンチッチ
モ,モヨオシ
モ,モクヒョウ
モ,モチカブ
モ,モスル
モ,モチコシ
モ,モリ
ヤ,ヤグラ
ヤ,ヤクイン
ヤ,ヤキュウ
ヤ,ヤス
ヤ,ヤマ
ヤ,ヤスミ
ヤ,ヤチョウ
ヤ,ヤトウ
ヤ,ヤッカ
ヤ,ヤマバ
ヤ,ヤサイ
ヤ,ヤクブツ
ヤ,ヤネ
ヤ,ヤナギ
ユ,ユキ
ユ,ユウザイ
ユ,ユクエ
ユ,ユキヤマ
ユ,ユキケムリ
ユ,ユウシキシャ
ユ,ユビ
ユ,ユデン
ユ,ユウリョウ
ユ,ユウショク
ヨ,ヨコクヘン
ヨ,ヨウギ
ヨ,ヨウケイ
ヨ,ヨビ
ヨ,ヨウソ
ヨ,ヨコナガシ
ヨ,ヨトウ
ヨ,ヨサン
ヨ,ヨセン
ヨ,ヨウセイ
ヨ,ヨウシ
ヨ,ヨウシキ
ヨ,ヨロコビ
ヨ,ヨヤトウ
ヨ,ヨ
ヨ,ヨウソウ
ヨ,ヨウケン
ヨ,ヨコヅナ
ラ,ラッパ
ラ,ラン
ラ,ライキ
ラ,ライチョウ
ラ,ランプ
ラ,ラッカ
ラ,ラクテン
リ,リンゴ
リ,リスク
リ,リョウイン
リ,リユウ
リ,リョウド
リ,リュウ
リ,リヨウ
リ,リョウホウ
リ,リョウカイ
リ,リョウキン
リ,リョウシ
リ,リンジ
リ,リッポウ
リ,リョウコク
リ,リエキ
リ,リンゴク
リ,リョカン
リ,リクジョウ
リ,リョカクキ
リ,リジ
ル,ルーレット
レ,レンサイ
レ,レアル
レ,レベル
レ,レン
レ,レッシャ
レ,レキシ
レ,レキダイ
ロ,ローマ
ロ,ロウサイ
ロ,ロウ
ロ,ロセン
ロ,ロット
ロ,ロ
ロ,ロメン
ロ,ロボット
ロ,ロヒンギャ
ワ,ワゴム
ワ,ワダイ
ワ,ワリアイ
ワ,ワクチン
ワ,ワカレバナシ
ワ,ワ
ワ,ワカレ
ワ,ワカモノ
ワ,ワカテ
サ,サラ
ト,トビラ
エ,エダマメ
ゴ,ゴリラ
