ア,アイドル
ア,アマゾン
ア,アト
ア,アニメ
ア,アン
ア,アオ
ア,アルペン
ア,アップル
ア,アリアケ
ア,アンポ
ア,アプリ
ア,アカシンゴウ
ア,アメ
ア,アナ
ア,アラシ
ア,アシ
ア,アカ
ア,アンケン
ア,アイノリ
ア,アラソイ
ア,アレッポ
ア,アクム
ア,アイテ
ア,アメフト
ア,アルビレックス
イ,イノチ
イ,イノチガケ
イ,イオン
イ,インフル
イ,イチブシジュウ
イ,イジメ
イ,イタイ
イ,イイン
イ,イゾク
イ,イヌ
イ,イリョウ
イ,イエ
イ,イッキュウ
イ,イガク
イ,イシ
イ,イデンシ
イ,イセキ
イ,イサン
イ,インフルエンザ
イ,イチヤ
イ,イシン
イ,イギ
イ,イッパン
イ,イキゴミ
ウ,ウ
ウ,ウチュウ
ウ,ウミ
ウ,ウム
ウ,ウツビョウ
ウ,ウソ
ウ,ウヨク
ウ,ウワギ
ウ,ウケトリ
ウ,ウタガイ
ウ,ウシロ
ウ,ウェイ
ウ,ウミガメ
ウ,ウチイリ
ウ,ウイルス
ウ,ウゴキ
ウ,ウケイレ
ウ,ウリアゲ
ウ,ウッタエ
ウ,ウラ
エ,エイガドットコム
エ,エ
エ,エンゲキ
エ,エンガン
エ,エングミ
エ,エイガ
エ,エンブ
エ,エイセイ
エ,エン
エ,エモジ
エ,エフエイ
オ,オトコ
オ,オバマ
オ,オンライン
オ,オキ
オ,オウシツ
オ,オオヤ
オ,オオアナ
オ,オサエ
オ,オスプレイ
オ,オリンピック
オ,オヤコ
オ,オデン
オ,オワライ
オ,オヤ
オ,オット
オ,オオスジ
オ,オムカエ
オ,オモイコミ
オ,オオタカ
オ,オモイ
オ,オオヅメ
オ,オモワク
オ,オボエガキ
オ,オワリネ
オ,オオテ
オ,オンシツ
オ,オオガタ
オ,オモミ
オ,オウザ
オ,オクレ
オ,オオズモウ
オ,オオトリ
オ,オウジャ
カ,カイグン
カ,カジノ
カ,カイチョウ
カ,カゼ
カ,カイジョウ
カ,カクサ
カ,カンボウ
カ,カンジ
カ,カツ
カ,カブシキ
カ,カイソク
カ,カクエキ
カ,カザン
カ,カイシャ
カ,カガク
カ,カワ
カ,カサイ
カ,カイテイ
カ,カンテイ
カ,カンガエ
カ,カクセイザイ
カ,カイガ
カ,カウントダウン
カ,カオミシリ
カ,カイガイ
カ,カッシャ
カ,カラテ
カ,カネ
カ,カテイ
カ,カカク
カ,カドマツ
カ,カンキョウ
カ,カクチ
カ,カイダン
カ,カクシャ
カ,カンシン
カ,カク
カ,カンブ
カ,カンジャ
カ,カイトリ
カ,カンイ
カ,カイ
カ,カイキ
カ,カンセン
カ,カッコク
カ,カクトウ
カ,カチョウ
カ,カブカ
カ,カチ
カ,カンゼイ
カ,カブ
カ,カワセ
カ,カブヌシ
カ,カダイ
カ,カルテル
カ,カオ
カ,カタメ
カ,カクリョウ
カ,カガイ
カ,カイヘイ
カ,カゲキ
カ,カミ
カ,カップ
ガ,ガン
ガ,ガイコウ
ガ,ガイコク
ガ,ガイタメ
ガ,ガイセン
ガ,ガイショウ
ガ,ガクネン
ガ,ガッコウ
ガ,ガクセイ
ガ,ガイライ
ガ,ガソリン
ガ,ガクジュツ
ガ,ガイム
キ,キョウリュウ
キ,キジ
キ,キンゾク
キ,キョギ
キ,キョウシ
キ,キャラ
キ,キゲキ
キ,キタイ
キ,キコウ
キ,キョウイ
キ,キボ
キ,キチ
キ,キンカイ
キ,キギョウ
キ,キズ
キ,キカン
キ,キン
キ,キブツ
キ,キ
キ,キュウキュウ
キ,キョリ
キ,キャンパス
キ,キョウカイ
キ,キホン
キ,キョテン
キ,キキ
キ,キソ
キ,キキン
キ,キュウエン
キ,キザミ
キ,キャク
キ,キンリ
キ,キンユウ
キ,キカイ
キ,キワミ
キ,キョクチョウ
キ,キリストキョウト
キ,キンダイ
キ,キョウ
キ,キンコウ
キ,キンセン
キ,キュウダン
キ,キコウシキ
キャ,キャプテン
キュ,キュウリョウ
キョ,キョウム
ギ,ギョウジ
ギ,ギン
ギ,ギジュツ
ギ,ギョウム
ギ,ギョウシャ
ギ,ギョセン
ギ,ギム
ギ,ギュウニュウ
ギ,ギセイ
ギ,ギシ
ギ,ギノウ
ギ,ギチョウ
ギ,ギイン
ギ,ギンコウ
ギ,ギカイ
ギ,ギアン
ギ,ギョウセイ
ギャ,ギャル
ギュ,ギュウニク
ギョ,ギョウザ
ク,クダリ
ク,クゲン
ク,クルマ
ク,クラス
ク,クウコウ
ク,クイキ
ク,クウチュウ
ク,クニ
ク,クウドウ
ク,クルマイス
ク,クラブ
クィ,クィディッチ
グ,グタイ
グ,グンヨウ
グ,グンジ
グ,グランプリ
グ,グランド
ケ,ケガニン
ケ,ケイザイ
ケ,ケッサク
ケ,ケンミン
ケ,ケガ
ケ,ケイサツ
ケ,ケンスウ
ケ,ケイサツカン
ケ,ケンケイ
ケ,ケンチジ
ケ,ケア
ケ,ケジメ
ケ,ケイジドウシャ
ケ,ケイ
ケ,ケンカイ
ケ,ケンキュウジョ
ケ,ケンギカイ
ケ,ケンレン
ケ,ケン
ケ,ケイコウ
ケ,ケイキ
ケ,ケイジ
ケ,ケンポウ
ケ,ケンゲン
ケ,ケイヒ
ケ,ケッショウ
ケ,ケツエキ
ゲ,ゲンダイ
ゲ,ゲンイン
ゲ,ゲンパツ
ゲ,ゲンユ
ゲ,ゲキジョウ
ゲ,ゲンバ
ゲ,ゲンシリョク
ゲ,ゲツメン
ゲ,ゲンシ
ゲ,ゲノム
コ,コハク
コ,コウツウ
コ,コドモ
コ,コウジョウセン
コ,コクミン
コ,コッカイ
コ,コップ
コ,コオリ
コ,コエ
コ,コウタイシ
コ,コウコウセイ
コ,コジン
コ,コウソク
コ,コウキョ
コ,コクナイ
コ,コウレイ
コ,コクリツ
コ,コガタ
コ,コクヒ
コ,コンビニ
コ,コウチョウ
コ,コウコウ
コ,コウジョウ
コ,コンビ
コ,コウゴウ
コ,コウラ
コ,コンダテ
コ,コクホウ
コ,コトハジメ
コ,コウゲン
コ,コフン
コ,コクサイ
コ,コトバ
コ,コッカ
コ,コメ
コ,コウザ
コ,コウボウ
コ,コウセイ
コ,コウリツ
コ,コイケ
コ,コウモク
コ,コガタシャ
コ,コガイシャ
コ,コウ
コ,コウカン
コ,コクム
コ,コクジン
コ,コンセキ
コ,コクド
コ,コウホ
ゴ,ゴウウ
ゴ,ゴリン
ゴ,ゴウケン
ゴ,ゴルフ
サ,サイシン
サ,サイダイ
サ,サツジン
サ,サイシュウ
サ,サカナ
サ,サイガイ
サ,サイコウ
サ,サクヒン
サ,サイバンカン
サ,サイタ
サ,サンチョウ
サ,サイ
サ,サケ
サ,サイナンタン
サ,サンプル
サ,サイダイゲン
サ,サウジ
サ,サイソク
サ,サキモノ
サ,サクセン
サ,サイバンショ
サ,サイゴ
サ,サックス
サ,サイチョウ
サ,サイユウシュウ
サ,サンウルブズ
ザ,ザイム
ザ,ザイゲン
ザ,ザイリョウ
ザ,ザンダカ
シ,ショウゲキ
シ,シュショウ
シ,シンギュラリティ
シ,シ
シ,ショクリョウ
シ,シッポ
シ,シンブン
シ,ショウネン
シ,シュノウ
シ,シセツ
シ,ショウジョウ
シ,シンイ
シ,シンガタ
シ,シナウス
シ,ショウヒン
シ,シャイ
シ,シンイン
シ,ショウテン
シ,シャシン
シ,ショウセツ
シ,シンシン
シ,シュトヘツ
シ,シンギ
シ,シジョウ
シ,シヤ
シ,ショルイ
シ,シショウ
シ,ショウボウ
シ,ショクイン
シ,シチョウ
シ,シシャ
シ,シャチョウ
シ,シギカイ
シ,ショクヒン
シ,シャイン
シ,シンカンセン
シ,シケイ
シ,シンポジウム
シ,シカク
シ,シェアリング
シ,シャカイ
シ,シュウヘン
シ,シシンアン
シ,シキュウ
シ,シュウダン
シ,シソン
シ,シュッシン
シ,ショクバ
シ,ショウガイ
シ,ショウガクセイ
シ,ショウケン
シ,システム
シ,ショウガク
シ,シホウ
シ,シキテン
シ,シュルイ
シ,シュト
シ,シュモク
シ,シンサイ
シ,シンユウ
シ,ショウチュウガッコウ
シ,シバイセキ
シ,シャシュ
シ,シンシュ
シ,シゲン
シ,シュウエキ
シ,シセイ
シ,シュウシフ
シ,シュセキ
シ,ショウシャ
シ,シキン
シ,ショウギョウ
シ,シボリコミ
シ,シテン
シ,ショニン
シ,シハライ
シ,シスウ
シ,ショキ
シ,シュケン
シ,シミン
シ,ショトウ
シ,シンエイ
シ,シンシャ
シ,シタジキ
シ,シタ
シ,シンジン
シ,シングル
シ,シロ
シ,シオ
シャ,シャチ
シュ,シュート
ショ,ショウカ
シェ,シェパード
ジ,ジケン
ジ,ジコ
ジ,ジョシダイ
ジ,ジモト
ジ,ジンジ
ジ,ジョユウ
ジ,ジョシ
ジ,ジシン
ジ,ジョウホウ
ジ,ジョウヨウシャ
ジ,ジョバン
ジ,ジョセイ
ジ,ジギョウ
ジ,ジッケイ
ジ,ジタク
ジ,ジョジ
ジ,ジョウキャク
ジ,ジョウレイ
ジ,ジョウケン
ジ,ジシュ
ジ,ジジョウ
ジ,ジュウタク
ジ,ジンジャ
ジ,ジチタイ
ジ,ジョウタイ
ジ,ジドウ
ジ,ジョウゲン
ジ,ジンブツ
ジ,ジセダイ
ジ,ジュウドウ
ジ,ジョウヤク
ジ,ジュク
ジ,ジカン
ジ,ジンザイ
ジ,ジレイ
ジ,ジコウ
ジ,ジタイ
ジ,ジツム
ジ,ジンミンゲ
ジ,ジッシツ
ジ,ジキ
ジ,ジム
ジ,ジンケン
ジ,ジンコウ
ジ,ジンドウ
ジ,ジツリョク
ジ,ジュンケッショウ
ジャ,ジャム
ジュ,ジュース
ジョ,ジョウホウ
ジェ,ジェラート
ス,スイソ
ス,スッピン
ス,スガタ
ス,スイドウ
ス,スイジョウ
ス,スイイキ
ス,スソノ
ス,スス
ス,スイジュン
ス,スマイ
ス,スイチョク
ス,スウジ
ス,スカ
ス,ステルス
ス,スイロ
ズ,ズレコミ
セ,セカイ
セ,セキニン
セ,セイフ
セ,センリャク
セ,セイユウ
セ,セイシュン
セ,センカン
セ,センシュ
セ,セイド
セ,セタイ
セ,セイト
セ,センナイ
セ,センパク
セ,セイサク
セ,セイシャイン
セ,セイキ
セ,セイカ
セ,セイム
セ,センロ
セ,セナカ
セ,セロン
セ,センシュケン
セ,セキゾウ
セ,セキ
セ,セイトウ
セ,セイジ
セ,セダイ
セ,センモン
セ,セイメイ
セ,セイケン
セ,セイリョク
セ,セキタン
セ,センバツ
セ,セト
ゼ,ゼンセン
ゼ,ゼイ
ゼ,ゼンコク
ゼ,ゼンリン
ゼ,ゼンコウ
ゼ,ゼンニホン
ゼ,ゼンソク
ゼ,ゼイシュウ
ゼ,ゼンゲツ
ゼ,ゼンカイ
ゼ,ゼンイキ
ソ,ソウサイ
ソ,ソウキ
ソ,ソラ
ソ,ソメ
ソ,ソウム
ソ,ソウコウ
ソ,ソウバ
ソ,ソウカイ
ソ,ソウホウ
ソ,ソウチョウ
ソ,ソフト
ゾ,ゾンビ
タ,タイケイ
タ,タイサ
タ,タイシ
タ,タダ
タ,タテヤクシャ
タ,タバコ
タ,タコ
タ,タイプ
タ,タイセイ
タ,タイマ
タ,タマツキ
タ,タイシャ
タ,タテカエ
タ,タツマキ
タ,タグイ
タ,タイショウ
タ,タンキ
タ,タイキ
タ,タイイン
タ,タイカイ
タ,タカネ
タ,タイヨウコウ
タ,タシャ
タ,タイクウ
ダ,ダル
ダ,ダンセイ
ダ,ダイトウリョウ
ダ,ダゲキ
ダ,ダンタイ
ダ,ダウ
ダ,ダイガクセイ
ダ,ダイジン
ダ,ダイシンサイ
ダ,ダイガク
ダ,ダイサンシャ
ダ,ダクト
ダ,ダンドウ
ダ,ダンジョ
ダ,ダイカイテン
ダ,ダルビッシュ
ダ,ダンシ
チ,チャ
チ,チサイ
チ,チョウキ
チ,チンギン
チ,チュウカン
チ,チョウカン
チ,チャンネル
チ,チュウオウ
チ,チジ
チ,チュウシン
チ,チイキ
チ,チホウ
チ,チョウエキ
チ,チュウガク
チ,チチオヤ
チ,チュウガクセイ
チ,チュウショウ
チ,チカ
チ,チジン
チ,チョウショ
チ,チュウコウセイ
チ,チョクゼン
チ,チ
チ,チキュウ
チ,チク
チ,チュウベイ
チ,チャンス
チ,チョウバ
チャ,チャブダイ
チュ,チューリップ
チョ,チョウチョ
ツ,ツナミ
ツ,ツマ
ツ,ツキ
ツ,ツカ
ツ,ツメ
ツ,ツウカ
ツ,ツウハン
ツァ,ツァーリ
ツィ,ツィオルコフスキー
ツェ,ツェーレンドルフ
ツォ,ツォル
テ,テンノウヘイカ
テ,テキザイテキショ
テ,テレビ
テ,テイオウ
テ,テロ
テ,テンノウ
テ,テアシ
テ,テンゴク
テ,テンキ
テ,テラ
テ,テンシュ
テ,テツドウ
テ,テイキ
テ,テジュン
テ,テン
テ,テガミ
テ,テンポ
ティ,ティンパニ
テュ,テューダー
デ,デントウ
デ,デンシャ
デ,デキゴト
デ,ディスプレイ
デ,デンチ
デ,デンリョク
ディ,ディッシュ
デュ,デュエル
ト,トラック
ト,トランプ
ト,トリヤメ
ト,トチジ
ト,トレンディネット
ト,トップ
ト,トウヨウ
ト,トラブル
ト,トイレ
ト,トギカイ
ト,トシアケ
ト,トリ
ト,トリツケ
ト,トエイ
ト,トリマトメ
ト,トナイ
ト,トウミン
ト,トシオトコ
ト,トリシラベ
ト,トシコシ
ト,トリケシ
ト,トッキュウ
ト,トラ
ト,トショ
ト,トクサン
ト,トレンド
ト,トキ
ト,ト
ト,トギ
ト,トウ
ト,トシ
ト,トック
ト,トウドリ
ト,トウシン
ト,トウキ
ト,トンネル
ト,トウシュ
ト,トク
ト,トリツ
トゥ,トゥクトゥク
ド,ドア
ド,ドンテン
ド,ドウキュウセイ
ド,ドウロ
ド,ドウガ
ド,ドウジ
ド,ドウブツ
ド,ドル
ド,ドゥテルテ
ド,ドウリョク
ド,ドラフト
ドゥ,ドゥテルテ
ナ,ナニモノ
ナ,ナイガシロ
ナ,ナックル
ナ,ナンビョウ
ナ,ナダレ
ナ,ナヤミ
ナ,ナ
ナ,ナマエ
ナ,ナイカク
ナ,ナイセン
ナ,ナンブ
ナ,ナイム
ナ,ナンミン
ナ,ナシ
ニ,ニッポウ
ニ,ニンキ
ニ,ニッカン
ニ,ニッポンジン
ニ,ニワ
ニ,ニンイ
ニ,ニンム
ニ,ニナイテ
ニ,ニホンライチョウ
ニ,ニッポンショク
ニ,ニッテイ
ニ,ニチギンタンカン
ニ,ニッケイ
ニ,ニン
ニ,ニシ
ニャ,ニャルラトホテプ
ニュ,ニュース
ニョ,ニョルズ
ヌ,ヌリエ
ネ,ネエチャン
ネ,ネンキン
ネ,ネンマツネンシ
ネ,ネンガジョウ
ネ,ネット
ネ,ネンガ
ネ,ネンリョウ
ネ,ネンナイ
ネ,ネウゴキ
ネ,ネントウ
ネ,ネンポウ
ネ,ネンカン
ノ,ノ
ノ,ノリクミ
ノ,ノウリン
ノ,ノウギョウ
ノ,ノビ
ハ,ハンセイ
ハ,ハツ
ハ,ハイネ
ハ,ハイシャ
ハ,ハカマイリ
ハ,ハハオヤ
ハ,ハガキ
ハ,ハバ
ハ,ハルカス
ハ,ハチス
ハ,ハイアン
ハ,ハン
ハ,ハクジン
ハ,ハンザイ
ハ,ハンコウ
ハ,ハンスウ
バ,バス
バ,バランス
バ,バンパク
バ,バンサン
バ,ババ
バ,バブル
バ,バクダン
バ,バドミントン
パ,パイロット
パ,パラリンピック
パ,パンダ
パ,パラレル
ヒ,ヒロイン
ヒ,ヒガイ
ヒ,ヒコク
ヒ,ヒト
ヒ,ヒアリング
ヒ,ヒッタクリ
ヒ,ヒマワリ
ヒ,ヒヨウ
ヒ,ヒンシツ
ヒ,ヒキアゲ
ヒ,ヒトデ
ヒ,ヒガシ
ヒ,ヒキワタシ
ヒ,ヒトツ
ヒ,ヒ
ヒャ,ヒャッキヤコウ
ヒュ,ヒューリスティック
ヒョ,ヒョードル
ビ,ビジネス
ビ,ビン
ビ,ビヨウ
ビ,ビョウイン
ビ,ビジュツ
ビ,ビザ
ビ,ビル
ビ,ビジュツカン
ビ,ビデオ
ビュ,ビュー
ビョ,ビョウガ
ピャ,ピャニッチ
ピュ,ピューレ
ピョ,ピョートル
ピ,ピッチ
フ,フジン
フ,フチジ
フ,フシン
フ,フビ
フ,フウゾク
フ,フシンビ
フ,フウフ
フ,フク
フ,フクギョウ
フ,フクシ
フ,フクロ
フ,フユ
フ,フウブツシ
フ,フネ
フ,フブキ
フ,フグ
フ,フケン
フ,フロン
フ,フェイス
フ,フシンニン
フ,フドウサン
フ,フクスウ
フ,フシメ
フ,フイッチ
フ,フタゴ
フ,フショウジ
フ,フィギュア
ファ,ファイル
フィ,フィナーレ
フェ,フェンス
フォ,フォルダ
フュ,フューチャー
ブ,ブ
ブ,ブッタイ
ブ,ブン
ブ,ブンガク
ブ,ブック
ブ,ブタイ
ブ,ブンヤ
ブ,ブッカ
ブ,ブツギ
ブ,ブラインド
ブ,ブブン
プ,プラン
プ,プラス
ヘ,ヘイシ
ヘ,ヘヤ
ヘ,ヘダタリ
ヘ,ヘイキ
ベ,ベンゴシ
ベ,ベツメイ
ペ,ペア
ホ,ホ
ホ,ホンセン
ホ,ホッポウ
ホ,ホウジン
ホ,ホクブ
ホ,ホンカク
ホ,ホントウ
ホ,ホケン
ホ,ホウシン
ホ,ホウモツ
ホ,ホウ
ホ,ホンブ
ホ,ホウショウ
ホ,ホウリツ
ホ,ホウアン
ホ,ホウギン
ホ,ホウフ
ボ,ボウリョクダン
ボ,ボクシング
ポ,ポイント
ポ,ポスト
マ,マイ
マ,マオウ
マ,マンション
マ,マトメ
マ,マチ
マ,マラソン
マ,マ
マ,マンガ
マ,マヤク
マ,マゴ
マ,マン
ミ,ミズ
ミ,ミカタ
ミ,ミオクリ
ミ,ミリョク
ミ,ミナミ
ミ,ミアワセ
ミ,ミミ
ミ,ミナオシ
ミ,ミスイ
ミ,ミガワリ
ミ,ミンカン
ミ,ミ
ミ,ミンセイ
ミ,ミン
ミ,ミコミ
ミ,ミトオシ
ミ,ミキワメ
ミ,ミサイル
ミ,ミンシュ
ミ,ミニマム
ミ,ミラン
ミャ,ミャンマー
ミュ,ミュージック
ミョ,ミョウジ
ム,ムジン
ム,ムキ
ム,ムスメ
ム,ムザイ
ム,ムネ
ム,ムショウ
ム,ムショゾク
メ,メイド
メ,メイブツ
メ,メンシキ
メ,メイニチ
メ,メイボ
メ,メド
メ,メス
メ,メダル
メ,メカニズム
メ,メダリスト
メ,メリット
メ,メディア
モ,モウドク
モ,モトシチョウ
モ,モウシイレ
モ,モリツチ
モ,モンチッチ
モ,モヨオシ
モ,モクヒョウ
モ,モチカブ
モ,モスル
モ,モチコシ
モ,モデル
モ,モリ
ヤ,ヤクブツ
ヤ,ヤマ
ヤ,ヤスミ
ヤ,ヤチョウ
ヤ,ヤトウ
ヤ,ヤッカ
ヤ,ヤマバ
ヤ,ヤサイ
ヤ,ヤス
ヤ,ヤネ
ヤ,ヤキュウ
ヤ,ヤナギ
ユ,ユウシキシャ
ユ,ユキ
ユ,ユウザイ
ユ,ユクエ
ユ,ユビ
ユ,ユデン
ユ,ユウリョウ
ユ,ユウショク
ヨ,ヨコクヘン
ヨ,ヨコナガシ
ヨ,ヨチ
ヨ,ヨサン
ヨ,ヨウケイ
ヨ,ヨウセイ
ヨ,ヨウギ
ヨ,ヨウシ
ヨ,ヨウシキ
ヨ,ヨロコビ
ヨ,ヨトウ
ヨ,ヨヤトウ
ヨ,ヨ
ヨ,ヨウソウ
ヨ,ヨウケン
ヨ,ヨコヅナ
ラ,ライチョウ
ラ,ランプ
ラ,ラッカ
ラ,ラクテン
リ,リュウ
リ,リョウド
リ,リンジ
リ,リヨウ
リ,リョウホウ
リ,リユウ
リ,リョウカイ
リ,リョウキン
リ,リョウシ
リ,リッポウ
リ,リョウコク
リ,リエキ
リ,リンゴク
リ,リョカン
リ,リクジョウ
リ,リョカクキ
リ,リジ
リャ,リャクショウ
リュ,リュウ
リョ,リョウリ
ル,ルーレット
ル,ルール
ル,ルート
ル,ルービックキューブ
ル,ルンバ
ル,ルス
ル,ルロウ
ル,ルアー
ル,ルイジアナ
ル,ルウ
ル,ルクセンブルク
ル,ルソー
ル,ルター
ル,ルミネ
ル,ルリ
ル,ルワンダ
レ,レベル
レ,レン
レ,レッシャ
レ,レキシ
レ,レキダイ
ロ,ロセン
ロ,ロ
ロ,ロウサイ
ロ,ロメン
ロ,ロウ
ロ,ロボット
ロ,ロヒンギャ
ワ,ワダイ
ワ,ワリアイ
ワ,ワクチン
ワ,ワカレバナシ
ワ,ワ
ワ,ワカレ
ワ,ワカモノ
ワ,ワカテ
